model_name,accuracy,f1,precision,recall,conf_matrix_path,classification_report,fpr,tpr,roc_auc
Naive Bayes,0.36479444122756227,0.3249230769230769,0.19599109131403117,0.9496402877697842,reports/model_reports/Naive Bayes_confusion_matrix.png,"              precision    recall  f1-score   support

     Class 0       0.96      0.25      0.40      1449
     Class 1       0.20      0.95      0.32       278

    accuracy                           0.36      1727
   macro avg       0.58      0.60      0.36      1727
weighted avg       0.84      0.36      0.39      1727
","[0.         0.00759144 0.00759144 0.00828157 0.00828157 0.00966184
 0.00966184 0.01035197 0.01035197 0.01173223 0.01173223 0.01242236
 0.01242236 0.01380262 0.01380262 0.01449275 0.01518288 0.01518288
 0.01587302 0.01587302 0.01656315 0.01656315 0.01725328 0.01725328
 0.01863354 0.01863354 0.02070393 0.02070393 0.0220842  0.0220842
 0.02277433 0.02277433 0.02346446 0.02346446 0.02484472 0.02484472
 0.02553485 0.02553485 0.02691511 0.02691511 0.02967564 0.02967564
 0.0310559  0.0310559  0.03312629 0.03312629 0.03381643 0.03381643
 0.03519669 0.03519669 0.03657695 0.03657695 0.03795721 0.03795721
 0.03864734 0.03864734 0.03933747 0.03933747 0.04071774 0.04071774
 0.04278813 0.04278813 0.04416839 0.04416839 0.04554865 0.04554865
 0.04623879 0.04623879 0.04692892 0.04692892 0.04899931 0.04899931
 0.0531401  0.0531401  0.05452036 0.05452036 0.05797101 0.05797101
 0.05866115 0.05866115 0.06004141 0.06004141 0.0621118  0.0621118
 0.06280193 0.06280193 0.06349206 0.06349206 0.06556246 0.06556246
 0.06625259 0.06625259 0.06694272 0.06694272 0.06901311 0.06901311
 0.06970324 0.06970324 0.07177364 0.07177364 0.07453416 0.07453416
 0.07522429 0.07522429 0.07798482 0.07798482 0.07867495 0.07867495
 0.0821256  0.0821256  0.08695652 0.08695652 0.08764665 0.08764665
 0.08971705 0.08971705 0.09040718 0.09040718 0.09178744 0.09178744
 0.09247757 0.09247757 0.0931677  0.0931677  0.0952381  0.0952381
 0.09592823 0.09592823 0.09730849 0.09730849 0.09937888 0.09937888
 0.10144928 0.10144928 0.10559006 0.10559006 0.13181504 0.13181504
 0.13319531 0.13319531 0.13388544 0.13388544 0.13457557 0.13457557
 0.13733609 0.13733609 0.13940649 0.13940649 0.14423741 0.14423741
 0.14837819 0.14837819 0.15044859 0.15044859 0.15320911 0.15320911
 0.15873016 0.15873016 0.16011042 0.16011042 0.16149068 0.16149068
 0.16287095 0.16287095 0.1663216  0.1663216  0.17253278 0.17253278
 0.17529331 0.17529331 0.17667357 0.17667357 0.18357488 0.18357488
 0.18426501 0.18426501 0.1863354  0.1863354  0.18978606 0.18978606
 0.19116632 0.19116632 0.19530711 0.19530711 0.19599724 0.19599724
 0.19806763 0.19806763 0.19875776 0.19875776 0.20358868 0.20358868
 0.20496894 0.20496894 0.20634921 0.20634921 0.20703934 0.20703934
 0.20772947 0.20772947 0.21325052 0.21325052 0.21463078 0.21463078
 0.21601104 0.21601104 0.2173913  0.2173913  0.21808144 0.21808144
 0.22498275 0.22498275 0.22636301 0.22636301 0.22981366 0.22981366
 0.23188406 0.23188406 0.23533471 0.23533471 0.24637681 0.24637681
 0.25327812 0.25327812 0.25534852 0.25534852 0.25603865 0.25603865
 0.25741891 0.25741891 0.25879917 0.25879917 0.2705314  0.2705314
 0.27329193 0.27329193 0.27398206 0.27398206 0.27812284 0.27812284
 0.28088337 0.28088337 0.29192547 0.29192547 0.29675638 0.29675638
 0.29744651 0.29744651 0.29951691 0.29951691 0.31055901 0.31055901
 0.31746032 0.31746032 0.3216011  0.3216011  0.32298137 0.32298137
 0.34092478 0.34092478 0.34506556 0.34506556 0.36162871 0.36162871
 0.36231884 0.36231884 0.36922015 0.36922015 0.38647343 0.38647343
 0.38716356 0.38716356 0.38785369 0.38785369 0.39061422 0.39061422
 0.394755   0.394755   0.3968254  0.3968254  0.40924776 0.40924776
 0.40993789 0.40993789 0.41959972 0.41959972 0.44168392 0.44168392
 0.44513458 0.44513458 0.44858523 0.44858523 0.46031746 0.46031746
 0.47342995 0.47342995 0.47412008 0.47412008 0.48378192 0.48378192
 0.48585231 0.48585231 0.48930297 0.48930297 0.49206349 0.49206349
 0.50448585 0.50448585 0.52311939 0.52311939 0.52449965 0.52449965
 0.53485162 0.53485162 0.53623188 0.53623188 0.53761215 0.53761215
 0.54727398 0.54727398 0.56383713 0.56383713 0.57902001 0.57902001
 0.58937198 0.58937198 0.64113182 0.64113182 0.64803313 0.64803313
 0.65217391 0.65217391 0.6563147  0.6563147  0.67701863 0.67701863
 0.68115942 0.68115942 0.7094548  0.7094548  0.7515528  0.7515528
 0.76259489 0.76259489 0.76397516 0.76397516 0.78398896 0.78398896
 0.80883368 0.80883368 0.83781919 0.83781919 0.83988958 0.83988958
 0.84334023 0.84334023 0.84403037 0.84403037 0.86749482 0.86749482
 0.89302968 0.89302968 0.94340925 0.94340925 0.95376121 0.95514148
 0.9689441  0.97101449 0.98412698 1.        ]","[0.         0.08992806 0.0971223  0.10791367 0.11151079 0.11510791
 0.11870504 0.11870504 0.12230216 0.12230216 0.1294964  0.1294964
 0.13309353 0.13309353 0.14388489 0.14748201 0.14748201 0.15827338
 0.15827338 0.16906475 0.16906475 0.17266187 0.17266187 0.17625899
 0.17625899 0.19784173 0.19784173 0.20503597 0.20503597 0.21942446
 0.21942446 0.24460432 0.24460432 0.24820144 0.24820144 0.26258993
 0.26258993 0.27338129 0.27338129 0.27697842 0.27697842 0.28057554
 0.28057554 0.29496403 0.29496403 0.30215827 0.30215827 0.31654676
 0.31654676 0.32374101 0.32374101 0.32733813 0.32733813 0.33093525
 0.33093525 0.3381295  0.3381295  0.34172662 0.34172662 0.34892086
 0.34892086 0.35251799 0.35251799 0.35611511 0.35611511 0.35971223
 0.35971223 0.36330935 0.36330935 0.36690647 0.36690647 0.3705036
 0.3705036  0.38129496 0.38129496 0.38489209 0.38489209 0.38848921
 0.38848921 0.39208633 0.39208633 0.39568345 0.39568345 0.4028777
 0.4028777  0.41007194 0.41007194 0.41726619 0.41726619 0.42446043
 0.42446043 0.42805755 0.42805755 0.43165468 0.43165468 0.4352518
 0.4352518  0.44604317 0.44604317 0.44964029 0.44964029 0.45323741
 0.45323741 0.46043165 0.46043165 0.46402878 0.46402878 0.4676259
 0.4676259  0.47122302 0.47122302 0.47482014 0.47482014 0.47841727
 0.47841727 0.48201439 0.48201439 0.48561151 0.48561151 0.48920863
 0.48920863 0.49280576 0.49280576 0.49640288 0.49640288 0.5
 0.5        0.50359712 0.50359712 0.50719424 0.50719424 0.51079137
 0.51079137 0.51438849 0.51438849 0.51798561 0.51798561 0.52158273
 0.52158273 0.52517986 0.52517986 0.5323741  0.5323741  0.53956835
 0.53956835 0.54316547 0.54316547 0.54676259 0.54676259 0.55035971
 0.55035971 0.55755396 0.55755396 0.56115108 0.56115108 0.5647482
 0.5647482  0.56834532 0.56834532 0.57194245 0.57194245 0.57553957
 0.57553957 0.57913669 0.57913669 0.58273381 0.58273381 0.58633094
 0.58633094 0.58992806 0.58992806 0.59352518 0.59352518 0.5971223
 0.5971223  0.60071942 0.60071942 0.60431655 0.60431655 0.60791367
 0.60791367 0.61151079 0.61151079 0.61510791 0.61510791 0.62230216
 0.62230216 0.62589928 0.62589928 0.6294964  0.6294964  0.64388489
 0.64388489 0.64748201 0.64748201 0.65467626 0.65467626 0.66546763
 0.66546763 0.66906475 0.66906475 0.67266187 0.67266187 0.67625899
 0.67625899 0.67985612 0.67985612 0.68345324 0.68345324 0.68705036
 0.68705036 0.69064748 0.69064748 0.6942446  0.6942446  0.69784173
 0.69784173 0.70503597 0.70503597 0.70863309 0.70863309 0.71223022
 0.71223022 0.71582734 0.71582734 0.71942446 0.71942446 0.72302158
 0.72302158 0.72661871 0.72661871 0.73381295 0.73381295 0.73741007
 0.73741007 0.74100719 0.74100719 0.74460432 0.74460432 0.74820144
 0.74820144 0.75179856 0.75179856 0.75899281 0.75899281 0.76978417
 0.76978417 0.77338129 0.77338129 0.77697842 0.77697842 0.78057554
 0.78057554 0.78417266 0.78417266 0.78776978 0.78776978 0.79136691
 0.79136691 0.79496403 0.79496403 0.79856115 0.79856115 0.80215827
 0.80215827 0.8057554  0.8057554  0.80935252 0.80935252 0.81294964
 0.81294964 0.82014388 0.82014388 0.82733813 0.82733813 0.83093525
 0.83093525 0.83453237 0.83453237 0.8381295  0.8381295  0.84172662
 0.84172662 0.84532374 0.84532374 0.84892086 0.84892086 0.85251799
 0.85251799 0.85611511 0.85611511 0.85971223 0.85971223 0.86330935
 0.86330935 0.86690647 0.86690647 0.8705036  0.8705036  0.87410072
 0.87410072 0.87769784 0.87769784 0.88129496 0.88129496 0.88489209
 0.88489209 0.88848921 0.88848921 0.89208633 0.89208633 0.89568345
 0.89568345 0.89928058 0.89928058 0.9028777  0.9028777  0.90647482
 0.90647482 0.91007194 0.91007194 0.91366906 0.91366906 0.91726619
 0.91726619 0.92086331 0.92086331 0.92446043 0.92446043 0.93165468
 0.93165468 0.9352518  0.9352518  0.93884892 0.93884892 0.94244604
 0.94244604 0.94604317 0.94604317 0.94964029 0.94964029 0.95323741
 0.95323741 0.96043165 0.96043165 0.96402878 0.96402878 0.9676259
 0.9676259  0.97122302 0.97122302 0.97482014 0.97482014 0.97841727
 0.97841727 0.98201439 0.98201439 0.98561151 0.98561151 0.98920863
 0.98920863 0.99280576 0.99280576 0.99640288 0.99640288 0.99640288
 0.99640288 0.99640288 0.99640288 1.        ]",0.8034342712165671
KNN,0.8685581933989577,0.44768856447688565,0.6917293233082706,0.33093525179856115,reports/model_reports/KNN_confusion_matrix.png,"              precision    recall  f1-score   support

     Class 0       0.88      0.97      0.93      1449
     Class 1       0.69      0.33      0.45       278

    accuracy                           0.87      1727
   macro avg       0.79      0.65      0.69      1727
weighted avg       0.85      0.87      0.85      1727
","[0.         0.00207039 0.00759144 0.02829538 0.09730849 0.31055901
 1.        ]","[0.         0.09352518 0.18345324 0.33093525 0.49640288 0.74100719
 1.        ]",0.7668349792215916
SVM,0.8865083960625362,0.539906103286385,0.777027027027027,0.4136690647482014,reports/model_reports/SVM_confusion_matrix.png,"              precision    recall  f1-score   support

     Class 0       0.90      0.98      0.94      1449
     Class 1       0.78      0.41      0.54       278

    accuracy                           0.89      1727
   macro avg       0.84      0.70      0.74      1727
weighted avg       0.88      0.89      0.87      1727
","[0.00000000e+00 0.00000000e+00 0.00000000e+00 6.90131125e-04
 6.90131125e-04 1.38026225e-03 1.38026225e-03 2.07039337e-03
 2.07039337e-03 2.76052450e-03 2.76052450e-03 3.45065562e-03
 3.45065562e-03 4.14078675e-03 4.14078675e-03 4.83091787e-03
 4.83091787e-03 5.52104900e-03 5.52104900e-03 6.21118012e-03
 6.21118012e-03 8.28157350e-03 8.28157350e-03 8.97170462e-03
 8.97170462e-03 9.66183575e-03 9.66183575e-03 1.03519669e-02
 1.03519669e-02 1.10420980e-02 1.10420980e-02 1.24223602e-02
 1.24223602e-02 1.38026225e-02 1.38026225e-02 1.51828847e-02
 1.51828847e-02 1.58730159e-02 1.58730159e-02 1.65631470e-02
 1.65631470e-02 1.72532781e-02 1.72532781e-02 1.79434092e-02
 1.79434092e-02 2.13940649e-02 2.27743271e-02 2.27743271e-02
 2.34644582e-02 2.34644582e-02 2.41545894e-02 2.41545894e-02
 2.48447205e-02 2.48447205e-02 2.62249827e-02 2.62249827e-02
 2.69151139e-02 2.69151139e-02 2.76052450e-02 2.76052450e-02
 2.82953761e-02 2.82953761e-02 2.89855072e-02 2.89855072e-02
 2.96756384e-02 2.96756384e-02 3.03657695e-02 3.03657695e-02
 3.10559006e-02 3.10559006e-02 3.24361629e-02 3.24361629e-02
 3.51966874e-02 3.51966874e-02 3.58868185e-02 3.58868185e-02
 3.79572119e-02 3.79572119e-02 3.86473430e-02 3.86473430e-02
 3.93374741e-02 3.93374741e-02 4.14078675e-02 4.14078675e-02
 4.34782609e-02 4.34782609e-02 4.41683920e-02 4.41683920e-02
 4.55486542e-02 4.55486542e-02 4.62387854e-02 4.62387854e-02
 4.69289165e-02 4.69289165e-02 4.76190476e-02 4.76190476e-02
 4.83091787e-02 4.83091787e-02 4.89993099e-02 4.89993099e-02
 5.03795721e-02 5.03795721e-02 5.24499655e-02 5.24499655e-02
 5.38302277e-02 5.38302277e-02 5.52104900e-02 5.52104900e-02
 5.79710145e-02 5.79710145e-02 6.28019324e-02 6.28019324e-02
 6.48723257e-02 6.48723257e-02 6.76328502e-02 6.76328502e-02
 6.83229814e-02 6.83229814e-02 7.10835059e-02 7.10835059e-02
 7.17736370e-02 7.17736370e-02 7.24637681e-02 7.24637681e-02
 7.52242926e-02 7.52242926e-02 7.66045549e-02 7.66045549e-02
 7.86749482e-02 7.86749482e-02 8.07453416e-02 8.07453416e-02
 8.14354727e-02 8.14354727e-02 8.35058661e-02 8.35058661e-02
 8.41959972e-02 8.41959972e-02 8.69565217e-02 8.69565217e-02
 8.90269151e-02 8.90269151e-02 9.04071774e-02 9.04071774e-02
 9.79986197e-02 9.79986197e-02 1.04899931e-01 1.04899931e-01
 1.07660455e-01 1.07660455e-01 1.11111111e-01 1.11111111e-01
 1.11801242e-01 1.11801242e-01 1.18012422e-01 1.18012422e-01
 1.24913734e-01 1.24913734e-01 1.34575569e-01 1.34575569e-01
 1.35265700e-01 1.35265700e-01 1.35955832e-01 1.35955832e-01
 1.36645963e-01 1.36645963e-01 1.37336094e-01 1.37336094e-01
 1.43547274e-01 1.43547274e-01 1.60110421e-01 1.60110421e-01
 1.64251208e-01 1.64251208e-01 1.64941339e-01 1.64941339e-01
 1.69772257e-01 1.69772257e-01 1.86335404e-01 1.86335404e-01
 2.16011042e-01 2.16011042e-01 2.20841960e-01 2.20841960e-01
 2.31884058e-01 2.31884058e-01 2.43616287e-01 2.43616287e-01
 2.53278123e-01 2.53278123e-01 2.63630090e-01 2.63630090e-01
 2.67080745e-01 2.67080745e-01 2.86404417e-01 2.86404417e-01
 3.09178744e-01 3.09178744e-01 3.10559006e-01 3.10559006e-01
 3.11939268e-01 3.11939268e-01 3.25051760e-01 3.25051760e-01
 3.37474120e-01 3.37474120e-01 3.41614907e-01 3.41614907e-01
 3.44375431e-01 3.44375431e-01 3.48516218e-01 3.48516218e-01
 3.55417529e-01 3.55417529e-01 3.56107660e-01 3.56107660e-01
 3.60248447e-01 3.60248447e-01 3.64389234e-01 3.64389234e-01
 3.78881988e-01 3.78881988e-01 3.95445135e-01 3.95445135e-01
 3.96825397e-01 3.96825397e-01 3.99585921e-01 3.99585921e-01
 4.10628019e-01 4.10628019e-01 4.16839199e-01 4.16839199e-01
 4.53416149e-01 4.53416149e-01 4.62387854e-01 4.62387854e-01
 4.74810214e-01 4.74810214e-01 4.84472050e-01 4.84472050e-01
 4.93443754e-01 4.93443754e-01 5.03795721e-01 5.03795721e-01
 5.10697032e-01 5.10697032e-01 5.16908213e-01 5.16908213e-01
 5.25189786e-01 5.25189786e-01 5.28640442e-01 5.28640442e-01
 5.60386473e-01 5.60386473e-01 5.66597654e-01 5.66597654e-01
 5.87301587e-01 5.87301587e-01 6.18357488e-01 6.18357488e-01
 6.75638371e-01 6.75638371e-01 6.97722567e-01 6.97722567e-01
 7.03243616e-01 7.03243616e-01 7.32229124e-01 7.32229124e-01
 7.51552795e-01 7.53623188e-01 7.79848171e-01 7.79848171e-01
 7.88129745e-01 7.88129745e-01 7.93650794e-01 7.93650794e-01
 8.67494824e-01 8.67494824e-01 8.93719807e-01 8.93719807e-01
 9.25465839e-01 9.25465839e-01 9.28916494e-01 9.30296756e-01
 9.46859903e-01 9.46859903e-01 9.59282264e-01 9.59282264e-01
 1.00000000e+00]","[0.         0.00359712 0.05755396 0.05755396 0.09352518 0.09352518
 0.10071942 0.10071942 0.10431655 0.10431655 0.13309353 0.13309353
 0.1618705  0.1618705  0.19784173 0.19784173 0.20503597 0.20503597
 0.23381295 0.23381295 0.25179856 0.25179856 0.25539568 0.25539568
 0.28776978 0.28776978 0.31294964 0.31294964 0.32374101 0.32374101
 0.33093525 0.33093525 0.36690647 0.36690647 0.37769784 0.37769784
 0.38129496 0.38129496 0.38848921 0.38848921 0.39208633 0.39208633
 0.39928058 0.39928058 0.41007194 0.41007194 0.41366906 0.41726619
 0.41726619 0.42446043 0.42446043 0.43165468 0.43165468 0.43884892
 0.43884892 0.44604317 0.44604317 0.45323741 0.45323741 0.47122302
 0.47122302 0.48561151 0.48561151 0.48920863 0.48920863 0.50359712
 0.50359712 0.50719424 0.50719424 0.52517986 0.52517986 0.53597122
 0.53597122 0.54676259 0.54676259 0.55035971 0.55035971 0.55395683
 0.55395683 0.55755396 0.55755396 0.5647482  0.5647482  0.56834532
 0.56834532 0.57194245 0.57194245 0.57553957 0.57553957 0.58633094
 0.58633094 0.58992806 0.58992806 0.5971223  0.5971223  0.60071942
 0.60071942 0.60431655 0.60431655 0.61151079 0.61151079 0.61510791
 0.61510791 0.62230216 0.62230216 0.62589928 0.62589928 0.6294964
 0.6294964  0.63309353 0.63309353 0.64028777 0.64028777 0.64388489
 0.64388489 0.65107914 0.65107914 0.65467626 0.65467626 0.66906475
 0.66906475 0.67266187 0.67266187 0.67625899 0.67625899 0.67985612
 0.67985612 0.68345324 0.68345324 0.68705036 0.68705036 0.69064748
 0.69064748 0.6942446  0.6942446  0.69784173 0.69784173 0.70143885
 0.70143885 0.70503597 0.70503597 0.70863309 0.70863309 0.71223022
 0.71223022 0.71582734 0.71582734 0.72661871 0.72661871 0.73021583
 0.73021583 0.73381295 0.73381295 0.73741007 0.73741007 0.74100719
 0.74100719 0.74460432 0.74460432 0.74820144 0.74820144 0.75179856
 0.75179856 0.75899281 0.75899281 0.76618705 0.76618705 0.76978417
 0.76978417 0.77697842 0.77697842 0.78057554 0.78057554 0.78417266
 0.78417266 0.78776978 0.78776978 0.79496403 0.79496403 0.80215827
 0.80215827 0.8057554  0.8057554  0.81294964 0.81294964 0.81654676
 0.81654676 0.82014388 0.82014388 0.82374101 0.82374101 0.82733813
 0.82733813 0.83093525 0.83093525 0.83453237 0.83453237 0.8381295
 0.8381295  0.84172662 0.84172662 0.84532374 0.84532374 0.84892086
 0.84892086 0.85251799 0.85251799 0.85611511 0.85611511 0.85971223
 0.85971223 0.86330935 0.86330935 0.86690647 0.86690647 0.8705036
 0.8705036  0.87410072 0.87410072 0.87769784 0.87769784 0.88129496
 0.88129496 0.89208633 0.89208633 0.89568345 0.89568345 0.89928058
 0.89928058 0.9028777  0.9028777  0.90647482 0.90647482 0.91007194
 0.91007194 0.91366906 0.91366906 0.91726619 0.91726619 0.92086331
 0.92086331 0.92446043 0.92446043 0.92805755 0.92805755 0.93165468
 0.93165468 0.9352518  0.9352518  0.93884892 0.93884892 0.94244604
 0.94244604 0.94604317 0.94604317 0.94964029 0.94964029 0.95323741
 0.95323741 0.95683453 0.95683453 0.96043165 0.96043165 0.96402878
 0.96402878 0.9676259  0.9676259  0.97122302 0.97122302 0.97122302
 0.97122302 0.97482014 0.97482014 0.97841727 0.97841727 0.98201439
 0.98201439 0.98561151 0.98561151 0.98920863 0.98920863 0.99280576
 0.99280576 0.99280576 0.99280576 0.99640288 0.99640288 1.
 1.        ]",0.875915416734935
Random Forest,0.903300521134916,0.649895178197065,0.7788944723618091,0.5575539568345323,reports/model_reports/Random Forest_confusion_matrix.png,"              precision    recall  f1-score   support

     Class 0       0.92      0.97      0.94      1449
     Class 1       0.78      0.56      0.65       278

    accuracy                           0.90      1727
   macro avg       0.85      0.76      0.80      1727
weighted avg       0.90      0.90      0.90      1727
","[0.00000000e+00 0.00000000e+00 0.00000000e+00 0.00000000e+00
 0.00000000e+00 6.90131125e-04 6.90131125e-04 6.90131125e-04
 6.90131125e-04 6.90131125e-04 1.38026225e-03 1.38026225e-03
 2.07039337e-03 2.07039337e-03 2.76052450e-03 3.45065562e-03
 4.83091787e-03 4.83091787e-03 6.21118012e-03 6.21118012e-03
 6.21118012e-03 6.21118012e-03 6.90131125e-03 8.28157350e-03
 9.66183575e-03 1.03519669e-02 1.10420980e-02 1.24223602e-02
 1.24223602e-02 1.44927536e-02 1.58730159e-02 1.72532781e-02
 1.72532781e-02 1.86335404e-02 1.86335404e-02 1.86335404e-02
 2.00138026e-02 2.13940649e-02 2.27743271e-02 2.55348516e-02
 2.62249827e-02 2.89855072e-02 3.03657695e-02 3.31262940e-02
 3.38164251e-02 3.72670807e-02 4.00276052e-02 4.00276052e-02
 4.14078675e-02 4.34782609e-02 4.41683920e-02 5.17598344e-02
 5.65907522e-02 6.07315390e-02 6.21118012e-02 6.41821946e-02
 6.62525880e-02 7.17736370e-02 7.45341615e-02 7.86749482e-02
 8.07453416e-02 8.55762595e-02 8.83367840e-02 9.31677019e-02
 9.52380952e-02 9.73084886e-02 1.02139406e-01 1.03519669e-01
 1.08350587e-01 1.14561767e-01 1.16632160e-01 1.22153209e-01
 1.30434783e-01 1.40786749e-01 1.46307798e-01 1.51828847e-01
 1.60110421e-01 1.70462388e-01 1.79434092e-01 1.91166322e-01
 2.01518288e-01 2.11180124e-01 2.32574189e-01 2.53968254e-01
 2.68461008e-01 3.25051760e-01 3.61628709e-01 4.03036577e-01
 4.58937198e-01 5.30020704e-01 6.36991028e-01 7.52242926e-01
 1.00000000e+00]","[0.         0.00359712 0.00719424 0.01438849 0.0323741  0.0323741
 0.03597122 0.04676259 0.05395683 0.07194245 0.08633094 0.12230216
 0.13309353 0.1618705  0.17985612 0.20143885 0.20143885 0.20503597
 0.21582734 0.22302158 0.23741007 0.24460432 0.26258993 0.27338129
 0.28776978 0.29856115 0.32374101 0.3381295  0.36330935 0.38129496
 0.39568345 0.39928058 0.41366906 0.43884892 0.44244604 0.46043165
 0.4676259  0.47122302 0.50359712 0.51438849 0.53597122 0.53956835
 0.55755396 0.5647482  0.56834532 0.57913669 0.59352518 0.60791367
 0.61510791 0.62589928 0.64028777 0.65107914 0.65827338 0.66906475
 0.67625899 0.70143885 0.71223022 0.71582734 0.71942446 0.73021583
 0.74100719 0.75539568 0.76618705 0.77338129 0.78057554 0.78417266
 0.78776978 0.79136691 0.80215827 0.8057554  0.8057554  0.81294964
 0.83093525 0.84172662 0.84532374 0.85251799 0.85611511 0.86330935
 0.8705036  0.88489209 0.89568345 0.89928058 0.91366906 0.91726619
 0.92446043 0.93165468 0.94244604 0.95323741 0.96402878 0.97122302
 0.98920863 0.99640288 1.        ]",0.9209849511694992
Gradient Boosting,0.8998262883613202,0.6560636182902585,0.7333333333333333,0.5935251798561151,reports/model_reports/Gradient Boosting_confusion_matrix.png,"              precision    recall  f1-score   support

     Class 0       0.92      0.96      0.94      1449
     Class 1       0.73      0.59      0.66       278

    accuracy                           0.90      1727
   macro avg       0.83      0.78      0.80      1727
weighted avg       0.89      0.90      0.90      1727
","[0.00000000e+00 0.00000000e+00 6.90131125e-04 6.90131125e-04
 2.07039337e-03 2.07039337e-03 2.76052450e-03 2.76052450e-03
 3.45065562e-03 3.45065562e-03 4.83091787e-03 4.83091787e-03
 5.52104900e-03 5.52104900e-03 6.21118012e-03 6.21118012e-03
 6.90131125e-03 6.90131125e-03 7.59144237e-03 7.59144237e-03
 8.28157350e-03 8.28157350e-03 8.97170462e-03 8.97170462e-03
 1.03519669e-02 1.03519669e-02 1.17322291e-02 1.17322291e-02
 1.24223602e-02 1.24223602e-02 1.31124914e-02 1.31124914e-02
 1.44927536e-02 1.44927536e-02 1.65631470e-02 1.65631470e-02
 1.72532781e-02 1.72532781e-02 1.86335404e-02 1.86335404e-02
 2.00138026e-02 2.00138026e-02 2.07039337e-02 2.07039337e-02
 2.20841960e-02 2.20841960e-02 2.27743271e-02 2.27743271e-02
 2.41545894e-02 2.41545894e-02 2.48447205e-02 2.48447205e-02
 2.62249827e-02 2.62249827e-02 2.69151139e-02 2.69151139e-02
 2.82953761e-02 2.82953761e-02 3.03657695e-02 3.03657695e-02
 3.10559006e-02 3.10559006e-02 3.17460317e-02 3.17460317e-02
 3.24361629e-02 3.24361629e-02 3.31262940e-02 3.31262940e-02
 3.38164251e-02 3.38164251e-02 3.45065562e-02 3.45065562e-02
 3.51966874e-02 3.51966874e-02 3.72670807e-02 3.72670807e-02
 3.79572119e-02 3.79572119e-02 3.86473430e-02 3.86473430e-02
 4.00276052e-02 4.00276052e-02 4.07177364e-02 4.07177364e-02
 4.14078675e-02 4.14078675e-02 4.20979986e-02 4.20979986e-02
 4.34782609e-02 4.34782609e-02 4.48585231e-02 4.48585231e-02
 4.69289165e-02 4.69289165e-02 4.76190476e-02 4.76190476e-02
 4.83091787e-02 4.83091787e-02 4.89993099e-02 4.89993099e-02
 4.96894410e-02 4.96894410e-02 5.24499655e-02 5.24499655e-02
 5.31400966e-02 5.31400966e-02 5.38302277e-02 5.38302277e-02
 5.52104900e-02 5.52104900e-02 5.59006211e-02 5.59006211e-02
 5.65907522e-02 5.65907522e-02 5.79710145e-02 5.79710145e-02
 5.86611456e-02 5.86611456e-02 5.93512767e-02 5.93512767e-02
 6.00414079e-02 6.00414079e-02 6.07315390e-02 6.07315390e-02
 6.41821946e-02 6.41821946e-02 6.48723257e-02 6.48723257e-02
 6.76328502e-02 6.76328502e-02 6.90131125e-02 6.90131125e-02
 7.10835059e-02 7.10835059e-02 7.24637681e-02 7.24637681e-02
 7.31538992e-02 7.31538992e-02 7.45341615e-02 7.45341615e-02
 7.59144237e-02 7.59144237e-02 7.79848171e-02 7.79848171e-02
 8.07453416e-02 8.07453416e-02 8.28157350e-02 8.28157350e-02
 8.76466529e-02 8.76466529e-02 8.83367840e-02 8.83367840e-02
 8.90269151e-02 8.90269151e-02 8.97170462e-02 8.97170462e-02
 9.04071774e-02 9.04071774e-02 9.31677019e-02 9.31677019e-02
 9.79986197e-02 9.79986197e-02 1.02139406e-01 1.02139406e-01
 1.04899931e-01 1.04899931e-01 1.05590062e-01 1.05590062e-01
 1.07660455e-01 1.07660455e-01 1.14561767e-01 1.14561767e-01
 1.15942029e-01 1.15942029e-01 1.18012422e-01 1.18012422e-01
 1.33195307e-01 1.33195307e-01 1.33885438e-01 1.33885438e-01
 1.34575569e-01 1.34575569e-01 1.36645963e-01 1.36645963e-01
 1.40786749e-01 1.40786749e-01 1.42167012e-01 1.42167012e-01
 1.44237405e-01 1.44237405e-01 1.46997930e-01 1.46997930e-01
 1.49068323e-01 1.49068323e-01 1.57349896e-01 1.57349896e-01
 1.58040028e-01 1.58040028e-01 1.66321601e-01 1.67701863e-01
 1.71152519e-01 1.71152519e-01 1.71842650e-01 1.71842650e-01
 1.75293306e-01 1.75293306e-01 1.78743961e-01 1.78743961e-01
 1.79434092e-01 1.80814355e-01 1.87025535e-01 1.87025535e-01
 1.88405797e-01 1.88405797e-01 1.91166322e-01 1.91166322e-01
 1.91856453e-01 1.93236715e-01 2.04968944e-01 2.06349206e-01
 2.07039337e-01 2.08419600e-01 2.18771567e-01 2.20841960e-01
 2.23602484e-01 2.23602484e-01 2.28433402e-01 2.28433402e-01
 2.44306418e-01 2.45686680e-01 2.48447205e-01 2.48447205e-01
 2.51207729e-01 2.51207729e-01 2.52587992e-01 2.58109041e-01
 2.58109041e-01 2.63630090e-01 2.63630090e-01 2.67080745e-01
 2.67080745e-01 2.68461008e-01 2.69841270e-01 2.70531401e-01
 2.70531401e-01 2.75362319e-01 2.75362319e-01 2.80193237e-01
 2.81573499e-01 2.87784679e-01 2.89164941e-01 2.89164941e-01
 2.93995859e-01 2.93995859e-01 2.97446515e-01 2.97446515e-01
 3.00897170e-01 3.00897170e-01 3.06418219e-01 3.07798482e-01
 3.09178744e-01 3.10559006e-01 3.10559006e-01 3.11249137e-01
 3.13319531e-01 3.14009662e-01 3.15389924e-01 3.18150449e-01
 3.20910973e-01 3.25741891e-01 3.27122153e-01 3.28502415e-01
 3.28502415e-01 3.29882678e-01 3.31262940e-01 3.33333333e-01
 3.42305038e-01 3.42305038e-01 3.47135956e-01 3.48516218e-01
 3.56107660e-01 3.56107660e-01 3.56797792e-01 3.58868185e-01
 3.60248447e-01 3.71980676e-01 3.73360939e-01 3.74051070e-01
 3.75431332e-01 3.76811594e-01 3.84403037e-01 3.85783299e-01
 3.89233954e-01 3.96135266e-01 3.97515528e-01 4.00966184e-01
 4.02346446e-01 4.14078675e-01 4.14078675e-01 4.16839199e-01
 4.18219462e-01 4.37543133e-01 4.38923395e-01 4.49965493e-01
 4.51345756e-01 4.54106280e-01 4.55486542e-01 4.65838509e-01
 4.65838509e-01 4.67908903e-01 4.69289165e-01 4.74810214e-01
 4.74810214e-01 4.76190476e-01 4.79641132e-01 4.82401656e-01
 4.83781919e-01 4.85162181e-01 4.85162181e-01 4.91373361e-01
 4.92753623e-01 4.94133885e-01 4.95514148e-01 5.07246377e-01
 5.08626639e-01 5.10697032e-01 5.12077295e-01 5.12767426e-01
 5.15527950e-01 5.16218081e-01 5.18978606e-01 5.32091097e-01
 5.32091097e-01 5.37612146e-01 5.38992409e-01 5.44513458e-01
 5.47273982e-01 5.48654244e-01 5.50724638e-01 5.60386473e-01
 5.61766736e-01 5.66597654e-01 5.67977916e-01 5.75569358e-01
 5.76949620e-01 5.83160801e-01 5.85921325e-01 5.87301587e-01
 5.88681850e-01 5.96963423e-01 5.98343685e-01 6.03174603e-01
 6.04554865e-01 6.05244997e-01 6.06625259e-01 6.11456177e-01
 6.12836439e-01 6.13526570e-01 6.14906832e-01 6.15596963e-01
 6.16977226e-01 6.19737750e-01 6.22498275e-01 6.28709455e-01
 6.30089717e-01 6.33540373e-01 6.34920635e-01 6.35610766e-01
 6.41131815e-01 6.44582471e-01 6.47342995e-01 6.49413389e-01
 6.52173913e-01 6.53554175e-01 6.57694962e-01 6.59075224e-01
 6.65286404e-01 6.66666667e-01 6.74258109e-01 6.75638371e-01
 6.81849551e-01 6.81849551e-01 6.83229814e-01 6.92891649e-01
 6.94271912e-01 6.97032436e-01 6.97722567e-01 7.00483092e-01
 7.01173223e-01 7.03243616e-01 7.04623879e-01 7.06004141e-01
 7.06694272e-01 7.10835059e-01 7.12215321e-01 7.15665977e-01
 7.30158730e-01 7.31538992e-01 7.33609386e-01 7.34299517e-01
 7.35679779e-01 7.36369910e-01 7.41200828e-01 7.41890959e-01
 7.43961353e-01 7.45341615e-01 7.47412008e-01 7.48792271e-01
 7.53623188e-01 7.55003451e-01 7.57073844e-01 7.58454106e-01
 7.59144237e-01 7.60524500e-01 7.61214631e-01 7.62594893e-01
 7.66045549e-01 7.67425811e-01 7.73636991e-01 7.77087647e-01
 7.77777778e-01 7.81918565e-01 7.86749482e-01 7.89510007e-01
 7.90890269e-01 7.92960663e-01 7.97791580e-01 8.00552105e-01
 8.01242236e-01 8.02622498e-01 8.04692892e-01 8.08833678e-01
 8.09523810e-01 8.12974465e-01 8.14354727e-01 8.15734990e-01
 8.18495514e-01 8.19185645e-01 8.21946170e-01 8.22636301e-01
 8.24706694e-01 8.25396825e-01 8.26777088e-01 8.27467219e-01
 8.32298137e-01 8.32988268e-01 8.35748792e-01 8.37129055e-01
 8.37819186e-01 8.41269841e-01 8.43340235e-01 8.50931677e-01
 8.52311939e-01 8.53002070e-01 8.54382333e-01 8.55072464e-01
 8.56452726e-01 8.57832988e-01 8.59903382e-01 8.60593513e-01
 8.63354037e-01 8.65424431e-01 8.67494824e-01 8.69565217e-01
 8.76466529e-01 8.77846791e-01 8.79917184e-01 8.82677709e-01
 8.84057971e-01 8.87508627e-01 8.89579020e-01 8.90959282e-01
 8.95790200e-01 8.99240856e-01 8.99930987e-01 9.06832298e-01
 9.10282954e-01 9.11663216e-01 9.13733609e-01 9.14423741e-01
 9.15804003e-01 9.17874396e-01 9.22705314e-01 9.24085576e-01
 9.28916494e-01 9.30296756e-01 9.37198068e-01 9.42719117e-01
 9.44099379e-01 9.45479641e-01 9.46859903e-01 9.47550035e-01
 9.48930297e-01 9.52380952e-01 9.53071084e-01 9.55141477e-01
 9.59972395e-01 9.75845411e-01 9.84817115e-01 9.86197378e-01
 9.88267771e-01 9.91028295e-01 9.92408558e-01 9.93098689e-01
 9.98619738e-01 1.00000000e+00]","[0.         0.00359712 0.00359712 0.01079137 0.01079137 0.03956835
 0.03956835 0.14748201 0.14748201 0.23381295 0.23381295 0.23741007
 0.23741007 0.24100719 0.24100719 0.24820144 0.24820144 0.26258993
 0.26258993 0.26618705 0.26618705 0.26978417 0.26978417 0.34532374
 0.34532374 0.35251799 0.35251799 0.37410072 0.37410072 0.37769784
 0.37769784 0.39208633 0.39208633 0.41726619 0.41726619 0.42086331
 0.42086331 0.42805755 0.42805755 0.43165468 0.43165468 0.44604317
 0.44604317 0.45323741 0.45323741 0.45683453 0.45683453 0.46043165
 0.46043165 0.46402878 0.46402878 0.4676259  0.4676259  0.47122302
 0.47122302 0.47841727 0.47841727 0.48920863 0.48920863 0.49280576
 0.49280576 0.5        0.5        0.50359712 0.50359712 0.52158273
 0.52158273 0.52877698 0.52877698 0.53597122 0.53597122 0.54316547
 0.54316547 0.55755396 0.55755396 0.56115108 0.56115108 0.56834532
 0.56834532 0.57553957 0.57553957 0.58633094 0.58633094 0.59352518
 0.59352518 0.60071942 0.60071942 0.60791367 0.60791367 0.61510791
 0.61510791 0.61870504 0.61870504 0.62230216 0.62230216 0.62589928
 0.62589928 0.6294964  0.6294964  0.63309353 0.63309353 0.63669065
 0.63669065 0.64748201 0.64748201 0.65107914 0.65107914 0.65467626
 0.65467626 0.6618705  0.6618705  0.67625899 0.67625899 0.67985612
 0.67985612 0.68345324 0.68345324 0.68705036 0.68705036 0.69064748
 0.69064748 0.6942446  0.6942446  0.69784173 0.69784173 0.70143885
 0.70143885 0.70503597 0.70503597 0.70863309 0.70863309 0.71223022
 0.71223022 0.71582734 0.71582734 0.71942446 0.71942446 0.72302158
 0.72302158 0.72661871 0.72661871 0.74460432 0.74460432 0.74820144
 0.74820144 0.75179856 0.75179856 0.75899281 0.75899281 0.76258993
 0.76258993 0.76978417 0.76978417 0.77338129 0.77338129 0.77697842
 0.77697842 0.78057554 0.78057554 0.78417266 0.78417266 0.78776978
 0.78776978 0.79136691 0.79136691 0.79856115 0.79856115 0.80215827
 0.80215827 0.81294964 0.81294964 0.81654676 0.81654676 0.82014388
 0.82014388 0.82374101 0.82374101 0.82733813 0.82733813 0.83093525
 0.83093525 0.8381295  0.8381295  0.84892086 0.84892086 0.85611511
 0.85611511 0.85971223 0.85971223 0.86330935 0.86330935 0.86690647
 0.86690647 0.8705036  0.8705036  0.87410072 0.87410072 0.87769784
 0.87769784 0.87769784 0.87769784 0.88129496 0.88129496 0.88489209
 0.88489209 0.88848921 0.88848921 0.89208633 0.89208633 0.89208633
 0.89208633 0.89568345 0.89568345 0.89928058 0.89928058 0.9028777
 0.9028777  0.9028777  0.9028777  0.9028777  0.9028777  0.9028777
 0.9028777  0.9028777  0.9028777  0.90647482 0.90647482 0.91007194
 0.91007194 0.91007194 0.91007194 0.91366906 0.91366906 0.91726619
 0.91726619 0.91726619 0.92086331 0.92086331 0.92446043 0.92446043
 0.92805755 0.92805755 0.92805755 0.92805755 0.93165468 0.93165468
 0.9352518  0.9352518  0.9352518  0.9352518  0.9352518  0.93884892
 0.93884892 0.94244604 0.94244604 0.94604317 0.94604317 0.94964029
 0.94964029 0.94964029 0.94964029 0.95323741 0.95683453 0.95683453
 0.95683453 0.95683453 0.95683453 0.95683453 0.95683453 0.95683453
 0.95683453 0.95683453 0.96043165 0.96043165 0.96043165 0.9676259
 0.9676259  0.97122302 0.97122302 0.97122302 0.97122302 0.97482014
 0.97841727 0.97841727 0.97841727 0.97841727 0.97841727 0.97841727
 0.97841727 0.97841727 0.97841727 0.97841727 0.97841727 0.97841727
 0.97841727 0.97841727 0.97841727 0.97841727 0.98201439 0.98201439
 0.98201439 0.98201439 0.98201439 0.98201439 0.98201439 0.98201439
 0.98201439 0.98201439 0.98561151 0.98561151 0.98561151 0.98561151
 0.98920863 0.98920863 0.98920863 0.98920863 0.98920863 0.98920863
 0.99280576 0.99280576 0.99280576 0.99280576 0.99280576 0.99280576
 0.99280576 0.99280576 0.99280576 0.99280576 0.99280576 0.99280576
 0.99280576 0.99280576 0.99640288 0.99640288 0.99640288 0.99640288
 0.99640288 0.99640288 0.99640288 0.99640288 0.99640288 0.99640288
 0.99640288 0.99640288 0.99640288 0.99640288 0.99640288 0.99640288
 0.99640288 0.99640288 0.99640288 0.99640288 0.99640288 0.99640288
 0.99640288 0.99640288 0.99640288 0.99640288 0.99640288 0.99640288
 0.99640288 0.99640288 0.99640288 0.99640288 0.99640288 0.99640288
 0.99640288 0.99640288 0.99640288 0.99640288 0.99640288 0.99640288
 0.99640288 0.99640288 0.99640288 0.99640288 0.99640288 0.99640288
 0.99640288 0.99640288 0.99640288 1.         1.         1.
 1.         1.         1.         1.         1.         1.
 1.         1.         1.         1.         1.         1.
 1.         1.         1.         1.         1.         1.
 1.         1.         1.         1.         1.         1.
 1.         1.         1.         1.         1.         1.
 1.         1.         1.         1.         1.         1.
 1.         1.         1.         1.         1.         1.
 1.         1.         1.         1.         1.         1.
 1.         1.         1.         1.         1.         1.
 1.         1.         1.         1.         1.         1.
 1.         1.         1.         1.         1.         1.
 1.         1.         1.         1.         1.         1.
 1.         1.         1.         1.         1.         1.
 1.         1.         1.         1.         1.         1.
 1.         1.         1.         1.         1.         1.
 1.         1.         1.         1.         1.         1.
 1.         1.         1.         1.         1.         1.
 1.         1.         1.         1.         1.         1.
 1.         1.         1.         1.         1.         1.
 1.         1.         1.         1.         1.         1.
 1.         1.        ]",0.9305263863443407
AdaBoost,0.8847712796757383,0.5995975855130785,0.680365296803653,0.5359712230215827,reports/model_reports/AdaBoost_confusion_matrix.png,"              precision    recall  f1-score   support

     Class 0       0.91      0.95      0.93      1449
     Class 1       0.68      0.54      0.60       278

    accuracy                           0.88      1727
   macro avg       0.80      0.74      0.77      1727
weighted avg       0.88      0.88      0.88      1727
","[0.00000000e+00 0.00000000e+00 0.00000000e+00 0.00000000e+00
 0.00000000e+00 6.90131125e-04 6.90131125e-04 2.76052450e-03
 2.76052450e-03 3.45065562e-03 3.45065562e-03 3.45065562e-03
 4.14078675e-03 4.14078675e-03 4.83091787e-03 4.83091787e-03
 5.52104900e-03 5.52104900e-03 6.90131125e-03 6.90131125e-03
 8.97170462e-03 8.97170462e-03 9.66183575e-03 9.66183575e-03
 1.03519669e-02 1.03519669e-02 1.10420980e-02 1.10420980e-02
 1.17322291e-02 1.17322291e-02 1.24223602e-02 1.24223602e-02
 1.38026225e-02 1.38026225e-02 1.44927536e-02 1.44927536e-02
 1.58730159e-02 1.58730159e-02 1.65631470e-02 1.65631470e-02
 1.72532781e-02 1.72532781e-02 1.79434092e-02 1.79434092e-02
 1.86335404e-02 1.86335404e-02 1.93236715e-02 1.93236715e-02
 2.00138026e-02 2.00138026e-02 2.07039337e-02 2.07039337e-02
 2.13940649e-02 2.13940649e-02 2.20841960e-02 2.20841960e-02
 2.20841960e-02 2.20841960e-02 2.27743271e-02 2.27743271e-02
 2.34644582e-02 2.34644582e-02 2.41545894e-02 2.41545894e-02
 2.55348516e-02 2.55348516e-02 2.62249827e-02 2.62249827e-02
 2.69151139e-02 2.69151139e-02 2.82953761e-02 2.82953761e-02
 2.89855072e-02 2.89855072e-02 3.03657695e-02 3.03657695e-02
 3.03657695e-02 3.38164251e-02 3.38164251e-02 3.51966874e-02
 3.51966874e-02 3.65769496e-02 3.65769496e-02 3.86473430e-02
 3.86473430e-02 4.00276052e-02 4.00276052e-02 4.07177364e-02
 4.07177364e-02 4.14078675e-02 4.14078675e-02 4.20979986e-02
 4.20979986e-02 4.27881297e-02 4.27881297e-02 4.34782609e-02
 4.34782609e-02 4.48585231e-02 4.48585231e-02 4.62387854e-02
 4.62387854e-02 4.83091787e-02 4.83091787e-02 4.89993099e-02
 4.89993099e-02 4.89993099e-02 4.96894410e-02 4.96894410e-02
 5.10697032e-02 5.10697032e-02 5.24499655e-02 5.24499655e-02
 5.31400966e-02 5.31400966e-02 5.45203589e-02 5.52104900e-02
 5.59006211e-02 5.59006211e-02 5.65907522e-02 5.65907522e-02
 5.72808834e-02 5.72808834e-02 5.79710145e-02 5.79710145e-02
 5.86611456e-02 5.93512767e-02 5.93512767e-02 5.93512767e-02
 6.14216701e-02 6.14216701e-02 6.21118012e-02 6.21118012e-02
 6.28019324e-02 6.28019324e-02 6.62525880e-02 6.62525880e-02
 6.69427191e-02 6.69427191e-02 6.76328502e-02 6.76328502e-02
 6.83229814e-02 6.90131125e-02 6.97032436e-02 6.97032436e-02
 7.10835059e-02 7.17736370e-02 7.17736370e-02 7.24637681e-02
 7.24637681e-02 7.31538992e-02 7.31538992e-02 7.38440304e-02
 7.38440304e-02 7.45341615e-02 7.45341615e-02 7.52242926e-02
 7.52242926e-02 7.79848171e-02 7.79848171e-02 7.93650794e-02
 7.93650794e-02 8.14354727e-02 8.28157350e-02 8.35058661e-02
 8.35058661e-02 8.41959972e-02 8.41959972e-02 8.48861284e-02
 8.62663906e-02 8.69565217e-02 8.69565217e-02 8.83367840e-02
 8.90269151e-02 8.90269151e-02 8.97170462e-02 8.97170462e-02
 9.04071774e-02 9.04071774e-02 9.17874396e-02 9.31677019e-02
 9.31677019e-02 9.86887509e-02 9.86887509e-02 1.00069013e-01
 1.01449275e-01 1.01449275e-01 1.04899931e-01 1.06280193e-01
 1.11111111e-01 1.11111111e-01 1.12491373e-01 1.12491373e-01
 1.13181504e-01 1.13181504e-01 1.14561767e-01 1.14561767e-01
 1.15942029e-01 1.16632160e-01 1.16632160e-01 1.17322291e-01
 1.18702553e-01 1.18702553e-01 1.20082816e-01 1.20772947e-01
 1.21463078e-01 1.21463078e-01 1.23533471e-01 1.23533471e-01
 1.29744651e-01 1.29744651e-01 1.34575569e-01 1.35955832e-01
 1.41476881e-01 1.41476881e-01 1.47688061e-01 1.49758454e-01
 1.51138716e-01 1.53209110e-01 1.55969634e-01 1.57349896e-01
 1.58730159e-01 1.58730159e-01 1.62180814e-01 1.62180814e-01
 1.64941339e-01 1.67011732e-01 1.69082126e-01 1.69082126e-01
 1.71152519e-01 1.73222912e-01 1.73913043e-01 1.76673568e-01
 1.78053830e-01 1.78053830e-01 1.79434092e-01 1.79434092e-01
 1.80814355e-01 1.84955141e-01 1.87715666e-01 1.87715666e-01
 1.90476190e-01 1.91856453e-01 1.93236715e-01 1.93926846e-01
 1.98067633e-01 1.98067633e-01 1.98757764e-01 1.99447895e-01
 1.99447895e-01 2.01518288e-01 2.01518288e-01 2.02898551e-01
 2.04278813e-01 2.08419600e-01 2.09109731e-01 2.09109731e-01
 2.10489993e-01 2.11870255e-01 2.12560386e-01 2.15320911e-01
 2.16701173e-01 2.21532091e-01 2.22222222e-01 2.22912353e-01
 2.24292616e-01 2.29123533e-01 2.30503796e-01 2.31193927e-01
 2.31884058e-01 2.36714976e-01 2.36714976e-01 2.41545894e-01
 2.41545894e-01 2.50517598e-01 2.56038647e-01 2.56038647e-01
 2.61559696e-01 2.62939959e-01 2.67080745e-01 2.67080745e-01
 2.67770876e-01 2.71911663e-01 2.73291925e-01 2.74672188e-01
 2.75362319e-01 2.78122843e-01 2.80193237e-01 2.82263630e-01
 2.82263630e-01 2.82953761e-01 2.84334023e-01 2.84334023e-01
 2.91235335e-01 2.92615597e-01 2.93305728e-01 2.93995859e-01
 2.96066253e-01 2.97446515e-01 2.99516908e-01 2.99516908e-01
 3.03657695e-01 3.04347826e-01 3.12629400e-01 3.12629400e-01
 3.13319531e-01 3.14009662e-01 3.15389924e-01 3.22291235e-01
 3.22291235e-01 3.26432022e-01 3.29192547e-01 3.37474120e-01
 3.37474120e-01 3.41614907e-01 3.41614907e-01 3.42995169e-01
 3.56797792e-01 3.58178054e-01 3.60248447e-01 3.61628709e-01
 3.68530021e-01 3.69910283e-01 3.71980676e-01 3.73360939e-01
 3.79572119e-01 3.79572119e-01 3.80952381e-01 3.83022774e-01
 3.83712905e-01 3.85093168e-01 3.92684610e-01 3.94064872e-01
 3.97515528e-01 3.98895790e-01 4.03726708e-01 4.03726708e-01
 4.08557626e-01 4.09937888e-01 4.12008282e-01 4.12698413e-01
 4.18219462e-01 4.18909593e-01 4.20979986e-01 4.23050380e-01
 4.23050380e-01 4.26501035e-01 4.27881297e-01 4.29261560e-01
 4.30641822e-01 4.32022084e-01 4.33402346e-01 4.34092478e-01
 4.34782609e-01 4.35472740e-01 4.36853002e-01 4.36853002e-01
 4.38233264e-01 4.40303658e-01 4.43064182e-01 4.43754313e-01
 4.45824707e-01 4.47204969e-01 4.49965493e-01 4.53416149e-01
 4.55486542e-01 4.58247067e-01 4.63077985e-01 4.65838509e-01
 4.67218772e-01 4.68599034e-01 4.69289165e-01 4.72049689e-01
 4.76880607e-01 4.79641132e-01 4.86542443e-01 4.87922705e-01
 4.89993099e-01 4.91373361e-01 4.93443754e-01 4.94824017e-01
 4.96894410e-01 4.98964803e-01 5.00345066e-01 5.01725328e-01
 5.03795721e-01 5.05175983e-01 5.11387164e-01 5.12767426e-01
 5.18978606e-01 5.21048999e-01 5.21739130e-01 5.25879917e-01
 5.26570048e-01 5.30020704e-01 5.31400966e-01 5.32781228e-01
 5.37612146e-01 5.38992409e-01 5.40372671e-01 5.42443064e-01
 5.46583851e-01 5.49344375e-01 5.51414769e-01 5.54175293e-01
 5.55555556e-01 5.56935818e-01 5.58316080e-01 5.59696342e-01
 5.61766736e-01 5.63146998e-01 5.66597654e-01 5.67977916e-01
 5.72118703e-01 5.75569358e-01 5.78329883e-01 5.81090407e-01
 5.82470669e-01 5.85231194e-01 5.91442374e-01 5.92822636e-01
 5.94893030e-01 5.96273292e-01 5.96273292e-01 5.98343685e-01
 5.99723948e-01 6.02484472e-01 6.03864734e-01 6.05935128e-01
 6.08005521e-01 6.12146308e-01 6.12836439e-01 6.14906832e-01
 6.15596963e-01 6.15596963e-01 6.17667357e-01 6.20427881e-01
 6.23878537e-01 6.26639061e-01 6.29399586e-01 6.34920635e-01
 6.35610766e-01 6.39061422e-01 6.41131815e-01 6.41821946e-01
 6.43202208e-01 6.45962733e-01 6.47342995e-01 6.48033126e-01
 6.49413389e-01 6.50793651e-01 6.53554175e-01 6.54244306e-01
 6.54244306e-01 6.57004831e-01 6.57694962e-01 6.63216011e-01
 6.64596273e-01 6.66666667e-01 6.68046929e-01 6.69427191e-01
 6.76328502e-01 6.83919945e-01 6.86680469e-01 6.87370600e-01
 6.89440994e-01 6.90821256e-01 6.95652174e-01 6.97032436e-01
 7.03933747e-01 7.07384403e-01 7.11525190e-01 7.13595583e-01
 7.18426501e-01 7.20496894e-01 7.24637681e-01 7.26017943e-01
 7.30158730e-01 7.31538992e-01 7.34989648e-01 7.36369910e-01
 7.40510697e-01 7.44651484e-01 7.46031746e-01 7.52242926e-01
 7.52933057e-01 7.55693582e-01 7.56383713e-01 7.57763975e-01
 7.60524500e-01 7.64665286e-01 7.77777778e-01 7.79158040e-01
 7.81918565e-01 7.83988958e-01 7.87439614e-01 7.90200138e-01
 7.92270531e-01 7.95031056e-01 7.99861974e-01 8.01242236e-01
 8.02622498e-01 8.05383023e-01 8.06763285e-01 8.08143547e-01
 8.11594203e-01 8.13664596e-01 8.15044859e-01 8.18495514e-01
 8.21946170e-01 8.24016563e-01 8.24706694e-01 8.25396825e-01
 8.29537612e-01 8.30917874e-01 8.32298137e-01 8.33678399e-01
 8.35058661e-01 8.36438923e-01 8.39199448e-01 8.43340235e-01
 8.44030366e-01 8.53692202e-01 8.55762595e-01 8.58523119e-01
 8.61283644e-01 8.62663906e-01 8.66114562e-01 8.67494824e-01
 8.75086266e-01 8.77846791e-01 8.78536922e-01 8.79917184e-01
 8.84748102e-01 8.86128364e-01 8.87508627e-01 8.88888889e-01
 8.92339545e-01 8.95100069e-01 8.99930987e-01 9.03381643e-01
 9.05452036e-01 9.06832298e-01 9.08212560e-01 9.09592823e-01
 9.10282954e-01 9.12353347e-01 9.14423741e-01 9.16494134e-01
 9.20634921e-01 9.27536232e-01 9.28226363e-01 9.34437543e-01
 9.36507937e-01 9.38578330e-01 9.39268461e-01 9.40648723e-01
 9.42719117e-01 9.45479641e-01 9.48930297e-01 9.51000690e-01
 9.52380952e-01 9.53761215e-01 9.56521739e-01 9.60662526e-01
 9.61352657e-01 9.66873706e-01 9.68253968e-01 9.73775017e-01
 9.75155280e-01 9.76535542e-01 9.77915804e-01 9.83436853e-01
 9.83436853e-01 9.86197378e-01 9.87577640e-01 9.88957902e-01
 9.90338164e-01 9.95169082e-01 9.97239476e-01 1.00000000e+00]","[0.         0.00359712 0.01438849 0.02158273 0.02517986 0.02517986
 0.05035971 0.05035971 0.05395683 0.05395683 0.06115108 0.07194245
 0.07194245 0.07553957 0.07553957 0.08273381 0.08273381 0.11510791
 0.11510791 0.1294964  0.1294964  0.13309353 0.13309353 0.14028777
 0.14028777 0.15107914 0.15467626 0.15827338 0.15827338 0.1618705
 0.1618705  0.16906475 0.16906475 0.17266187 0.17625899 0.18345324
 0.18345324 0.19784173 0.19784173 0.20863309 0.20863309 0.23381295
 0.23381295 0.23741007 0.23741007 0.24820144 0.24820144 0.25539568
 0.25899281 0.26618705 0.26618705 0.26978417 0.26978417 0.29136691
 0.29136691 0.29856115 0.3057554  0.30935252 0.30935252 0.3381295
 0.3381295  0.34532374 0.34532374 0.35971223 0.35971223 0.39208633
 0.39208633 0.40647482 0.40647482 0.41007194 0.41007194 0.42446043
 0.42446043 0.4352518  0.4352518  0.44244604 0.45683453 0.45683453
 0.46043165 0.46043165 0.46402878 0.46402878 0.4676259  0.4676259
 0.47122302 0.47122302 0.47482014 0.47482014 0.48201439 0.48201439
 0.49640288 0.49640288 0.51438849 0.51438849 0.51798561 0.51798561
 0.52158273 0.52158273 0.52517986 0.52517986 0.52877698 0.52877698
 0.53956835 0.53956835 0.54316547 0.55035971 0.55035971 0.55395683
 0.55395683 0.55755396 0.55755396 0.56115108 0.56115108 0.56834532
 0.56834532 0.57194245 0.57194245 0.57553957 0.57553957 0.58633094
 0.58633094 0.58992806 0.58992806 0.59352518 0.59352518 0.5971223
 0.60431655 0.61510791 0.61510791 0.61870504 0.62230216 0.6294964
 0.6294964  0.63309353 0.63309353 0.63669065 0.63669065 0.64388489
 0.64388489 0.65107914 0.65107914 0.65467626 0.65467626 0.65827338
 0.65827338 0.65827338 0.6618705  0.6618705  0.66546763 0.66546763
 0.67266187 0.67266187 0.67625899 0.67985612 0.69064748 0.69064748
 0.6942446  0.6942446  0.70143885 0.70143885 0.70503597 0.70503597
 0.70503597 0.70503597 0.70863309 0.70863309 0.71223022 0.71223022
 0.71223022 0.71223022 0.71942446 0.71942446 0.71942446 0.72302158
 0.72302158 0.73021583 0.73021583 0.73381295 0.73381295 0.73381295
 0.74100719 0.74100719 0.74820144 0.74820144 0.74820144 0.75179856
 0.75179856 0.75179856 0.75179856 0.75539568 0.75539568 0.76258993
 0.76258993 0.77338129 0.77338129 0.78057554 0.78057554 0.78057554
 0.78417266 0.78417266 0.78417266 0.78776978 0.78776978 0.79136691
 0.79136691 0.79496403 0.79496403 0.79856115 0.79856115 0.8057554
 0.8057554  0.8057554  0.8057554  0.80935252 0.80935252 0.80935252
 0.80935252 0.80935252 0.80935252 0.81294964 0.81294964 0.81654676
 0.81654676 0.82014388 0.82014388 0.82014388 0.82014388 0.82374101
 0.82374101 0.82374101 0.82374101 0.82733813 0.82733813 0.83093525
 0.83093525 0.83453237 0.83453237 0.83453237 0.83453237 0.8381295
 0.8381295  0.8381295  0.8381295  0.84532374 0.84532374 0.84892086
 0.84892086 0.85251799 0.85611511 0.85611511 0.85971223 0.86330935
 0.86330935 0.8705036  0.8705036  0.87410072 0.87410072 0.87410072
 0.87410072 0.87410072 0.87410072 0.87410072 0.87769784 0.87769784
 0.87769784 0.87769784 0.87769784 0.87769784 0.88129496 0.88129496
 0.88489209 0.88489209 0.88848921 0.89568345 0.89568345 0.89928058
 0.89928058 0.89928058 0.89928058 0.90647482 0.90647482 0.90647482
 0.90647482 0.90647482 0.90647482 0.90647482 0.90647482 0.90647482
 0.91366906 0.91366906 0.91366906 0.91726619 0.91726619 0.91726619
 0.91726619 0.92086331 0.92086331 0.92086331 0.92086331 0.92446043
 0.92446043 0.92805755 0.92805755 0.93165468 0.9352518  0.9352518
 0.9352518  0.9352518  0.93884892 0.93884892 0.94244604 0.94244604
 0.94604317 0.94604317 0.94964029 0.94964029 0.94964029 0.94964029
 0.94964029 0.94964029 0.94964029 0.94964029 0.94964029 0.94964029
 0.94964029 0.95323741 0.95323741 0.95323741 0.95323741 0.95323741
 0.95323741 0.95323741 0.95323741 0.95323741 0.95323741 0.95683453
 0.95683453 0.95683453 0.95683453 0.95683453 0.95683453 0.95683453
 0.95683453 0.95683453 0.96043165 0.96043165 0.96043165 0.96043165
 0.96043165 0.96043165 0.96043165 0.96043165 0.96402878 0.96402878
 0.96402878 0.9676259  0.9676259  0.9676259  0.9676259  0.9676259
 0.9676259  0.9676259  0.9676259  0.9676259  0.9676259  0.97122302
 0.97122302 0.97122302 0.97122302 0.97122302 0.97122302 0.97122302
 0.97122302 0.97122302 0.97122302 0.97122302 0.97122302 0.97122302
 0.97122302 0.97122302 0.97122302 0.97122302 0.97122302 0.97122302
 0.97122302 0.97122302 0.97122302 0.97122302 0.97122302 0.97122302
 0.97122302 0.97122302 0.97122302 0.97122302 0.97122302 0.97122302
 0.97122302 0.97122302 0.97122302 0.97122302 0.97122302 0.97122302
 0.97122302 0.97122302 0.97122302 0.97122302 0.97122302 0.97122302
 0.97122302 0.97122302 0.97122302 0.97122302 0.97122302 0.97122302
 0.97122302 0.97122302 0.97122302 0.97122302 0.97122302 0.97122302
 0.97122302 0.97122302 0.97482014 0.97482014 0.97482014 0.97482014
 0.97482014 0.97482014 0.97482014 0.97482014 0.97482014 0.97482014
 0.97482014 0.97841727 0.97841727 0.97841727 0.97841727 0.97841727
 0.97841727 0.97841727 0.97841727 0.97841727 0.97841727 0.97841727
 0.97841727 0.97841727 0.97841727 0.97841727 0.97841727 0.97841727
 0.97841727 0.97841727 0.98201439 0.98201439 0.98201439 0.98201439
 0.98201439 0.98201439 0.98201439 0.98201439 0.98201439 0.98201439
 0.98201439 0.98201439 0.98201439 0.98201439 0.98201439 0.98201439
 0.98201439 0.98201439 0.98201439 0.98201439 0.98201439 0.98201439
 0.98201439 0.98201439 0.98201439 0.98201439 0.98201439 0.98201439
 0.98201439 0.98201439 0.98201439 0.98201439 0.98201439 0.98201439
 0.98201439 0.98201439 0.98201439 0.98201439 0.98201439 0.98201439
 0.98201439 0.98201439 0.98201439 0.98201439 0.98201439 0.98201439
 0.98201439 0.98201439 0.98201439 0.98201439 0.98201439 0.98201439
 0.98201439 0.98201439 0.98201439 0.98201439 0.98201439 0.98201439
 0.98201439 0.98561151 0.98561151 0.98561151 0.98561151 0.98561151
 0.98561151 0.98561151 0.98561151 0.98561151 0.98920863 0.98920863
 0.98920863 0.98920863 0.98920863 0.98920863 0.98920863 0.98920863
 0.98920863 0.98920863 0.98920863 0.98920863 0.98920863 0.98920863
 0.98920863 0.98920863 0.98920863 0.98920863 0.98920863 0.98920863
 0.98920863 0.98920863 0.98920863 0.98920863 0.98920863 0.98920863
 0.98920863 0.98920863 0.98920863 0.98920863 0.98920863 0.98920863
 0.98920863 0.98920863 0.98920863 0.98920863 0.98920863 0.98920863
 0.98920863 0.98920863 0.98920863 0.98920863 0.98920863 0.98920863
 0.98920863 0.98920863 0.98920863 0.98920863 0.98920863 0.98920863
 0.98920863 0.98920863 1.         1.         1.         1.
 1.         1.         1.         1.        ]",0.9017705090585917
